1,'Sleek Concrete Shoes','Repellat consequatur ipsam et exercitationem corrupti non eum eos et. Et exercitationem et autem. Molestias perspiciatis quia voluptas. Earum aut placeat mollitia nemo.',['https://steam-content-display.s3-us-west-2.amazonaws.com/steam_content0.jpg','https://steam-content-display.s3-us-west-2.amazonaws.com/steam_content1.jpg','https://steam-content-display.s3-us-west-2.amazonaws.com/steam_content2.jpg','https://steam-content-display.s3-us-west-2.amazonaws.com/steam_content3.jpg','https://steam-content-display.s3-us-west-2.amazonaws.com/steam_content4.jpg','https://steam-content-display.s3-us-west-2.amazonaws.com/steam_content5.jpg','https://steam-content-display.s3-us-west-2.amazonaws.com/steam_content6.jpg','https://steam-content-display.s3-us-west-2.amazonaws.com/steam_content7.jpg','https://steam-content-display.s3-us-west-2.amazonaws.com/steam_content8.jpg','https://steam-content-display.s3-us-west-2.amazonaws.com/steam_content9.jpg'],'Sat Jul 20 2019 13:50:07 GMT-0700 (Pacific Daylight Time)','Schmidt, Schroeder and Towne','Langosh, Effertz and Rath',403,915,88,1,[$$thumbnail:'https://steam-content-videos.s3-us-west-2.amazonaws.com/steam_screenshot0.png', videoUrl: 'https://steam-content-videos.s3-us-west-2.amazonaws.com/steam_content_video0.mp4'$$,$$thumbnail:'https://steam-content-videos.s3-us-west-2.amazonaws.com/steam_screenshot1.png', videoUrl: 'https://steam-content-videos.s3-us-west-2.amazonaws.com/steam_content_video1.mp4'$$,$$thumbnail:'https://steam-content-videos.s3-us-west-2.amazonaws.com/steam_screenshot2.png', videoUrl: 'https://steam-content-videos.s3-us-west-2.amazonaws.com/steam_content_video2.mp4'$$]
2,'Incredible Rubber Gloves','Libero officia id vitae dignissimos delectus. Omnis nobis fuga quidem praesentium accusamus aspernatur. Enim ducimus dolores dolores. Enim porro et et soluta suscipit incidunt. Enim laborum aut exercitationem et sunt.',['https://steam-content-display.s3-us-west-2.amazonaws.com/steam_content10.jpg','https://steam-content-display.s3-us-west-2.amazonaws.com/steam_content11.jpg','https://steam-content-display.s3-us-west-2.amazonaws.com/steam_content12.jpg','https://steam-content-display.s3-us-west-2.amazonaws.com/steam_content13.jpg','https://steam-content-display.s3-us-west-2.amazonaws.com/steam_content14.jpg','https://steam-content-display.s3-us-west-2.amazonaws.com/steam_content15.jpg','https://steam-content-display.s3-us-west-2.amazonaws.com/steam_content16.jpg','https://steam-content-display.s3-us-west-2.amazonaws.com/steam_content17.jpg','https://steam-content-display.s3-us-west-2.amazonaws.com/steam_content18.jpg','https://steam-content-display.s3-us-west-2.amazonaws.com/steam_content19.jpg'],'Wed May 08 2019 05:45:05 GMT-0700 (Pacific Daylight Time)','Hand, Thompson and Zboncak','Bernier LLC',372,495,37,97,[$$thumbnail:'https://steam-content-videos.s3-us-west-2.amazonaws.com/steam_screenshot0.png', videoUrl: 'https://steam-content-videos.s3-us-west-2.amazonaws.com/steam_content_video0.mp4'$$,$$thumbnail:'https://steam-content-videos.s3-us-west-2.amazonaws.com/steam_screenshot1.png', videoUrl: 'https://steam-content-videos.s3-us-west-2.amazonaws.com/steam_content_video1.mp4'$$,$$thumbnail:'https://steam-content-videos.s3-us-west-2.amazonaws.com/steam_screenshot2.png', videoUrl: 'https://steam-content-videos.s3-us-west-2.amazonaws.com/steam_content_video2.mp4'$$]
3,'Refined Frozen Computer','Nulla sed perspiciatis quo qui rem. Itaque id non temporibus tenetur. Quibusdam fugiat fuga et sed debitis sit reprehenderit sit nisi. Praesentium impedit et. Repellat dignissimos aliquid.',['https://steam-content-display.s3-us-west-2.amazonaws.com/steam_content20.jpg','https://steam-content-display.s3-us-west-2.amazonaws.com/steam_content21.jpg','https://steam-content-display.s3-us-west-2.amazonaws.com/steam_content22.jpg','https://steam-content-display.s3-us-west-2.amazonaws.com/steam_content23.jpg','https://steam-content-display.s3-us-west-2.amazonaws.com/steam_content24.jpg','https://steam-content-display.s3-us-west-2.amazonaws.com/steam_content25.jpg','https://steam-content-display.s3-us-west-2.amazonaws.com/steam_content26.jpg','https://steam-content-display.s3-us-west-2.amazonaws.com/steam_content27.jpg','https://steam-content-display.s3-us-west-2.amazonaws.com/steam_content28.jpg','https://steam-content-display.s3-us-west-2.amazonaws.com/steam_content29.jpg'],'Thu Jun 13 2019 03:52:46 GMT-0700 (Pacific Daylight Time)','Tromp Inc','Stoltenberg - O'Hara',522,498,100,27,[$$thumbnail:'https://steam-content-videos.s3-us-west-2.amazonaws.com/steam_screenshot0.png', videoUrl: 'https://steam-content-videos.s3-us-west-2.amazonaws.com/steam_content_video0.mp4'$$,$$thumbnail:'https://steam-content-videos.s3-us-west-2.amazonaws.com/steam_screenshot1.png', videoUrl: 'https://steam-content-videos.s3-us-west-2.amazonaws.com/steam_content_video1.mp4'$$,$$thumbnail:'https://steam-content-videos.s3-us-west-2.amazonaws.com/steam_screenshot2.png', videoUrl: 'https://steam-content-videos.s3-us-west-2.amazonaws.com/steam_content_video2.mp4'$$]
4,'Generic Rubber Soap','Cupiditate nulla velit. Voluptatum similique aut et odit. Ab libero qui a quo est deserunt quia est.',['https://steam-content-display.s3-us-west-2.amazonaws.com/steam_content30.jpg','https://steam-content-display.s3-us-west-2.amazonaws.com/steam_content31.jpg','https://steam-content-display.s3-us-west-2.amazonaws.com/steam_content32.jpg','https://steam-content-display.s3-us-west-2.amazonaws.com/steam_content33.jpg','https://steam-content-display.s3-us-west-2.amazonaws.com/steam_content34.jpg','https://steam-content-display.s3-us-west-2.amazonaws.com/steam_content35.jpg','https://steam-content-display.s3-us-west-2.amazonaws.com/steam_content36.jpg','https://steam-content-display.s3-us-west-2.amazonaws.com/steam_content37.jpg','https://steam-content-display.s3-us-west-2.amazonaws.com/steam_content38.jpg','https://steam-content-display.s3-us-west-2.amazonaws.com/steam_content39.jpg'],'Wed Jan 29 2020 00:17:05 GMT-0800 (Pacific Standard Time)','Krajcik - Baumbach','Kohler and Sons',189,810,72,49,[$$thumbnail:'https://steam-content-videos.s3-us-west-2.amazonaws.com/steam_screenshot0.png', videoUrl: 'https://steam-content-videos.s3-us-west-2.amazonaws.com/steam_content_video0.mp4'$$,$$thumbnail:'https://steam-content-videos.s3-us-west-2.amazonaws.com/steam_screenshot1.png', videoUrl: 'https://steam-content-videos.s3-us-west-2.amazonaws.com/steam_content_video1.mp4'$$,$$thumbnail:'https://steam-content-videos.s3-us-west-2.amazonaws.com/steam_screenshot2.png', videoUrl: 'https://steam-content-videos.s3-us-west-2.amazonaws.com/steam_content_video2.mp4'$$]
5,'Ergonomic Concrete Chair','Numquam quibusdam nobis error dolorem est fugiat. Aperiam autem exercitationem perferendis velit. Corporis dolor dicta voluptas vitae non ut id sit. Illo autem minus libero voluptas necessitatibus consequatur. Minima facilis asperiores.',['https://steam-content-display.s3-us-west-2.amazonaws.com/steam_content40.jpg','https://steam-content-display.s3-us-west-2.amazonaws.com/steam_content41.jpg','https://steam-content-display.s3-us-west-2.amazonaws.com/steam_content42.jpg','https://steam-content-display.s3-us-west-2.amazonaws.com/steam_content43.jpg','https://steam-content-display.s3-us-west-2.amazonaws.com/steam_content44.jpg','https://steam-content-display.s3-us-west-2.amazonaws.com/steam_content45.jpg','https://steam-content-display.s3-us-west-2.amazonaws.com/steam_content46.jpg','https://steam-content-display.s3-us-west-2.amazonaws.com/steam_content47.jpg','https://steam-content-display.s3-us-west-2.amazonaws.com/steam_content48.jpg','https://steam-content-display.s3-us-west-2.amazonaws.com/steam_content49.jpg'],'Tue Jun 04 2019 16:09:13 GMT-0700 (Pacific Daylight Time)','Smith Group','Marvin - Von',795,381,97,78,[$$thumbnail:'https://steam-content-videos.s3-us-west-2.amazonaws.com/steam_screenshot0.png', videoUrl: 'https://steam-content-videos.s3-us-west-2.amazonaws.com/steam_content_video0.mp4'$$,$$thumbnail:'https://steam-content-videos.s3-us-west-2.amazonaws.com/steam_screenshot1.png', videoUrl: 'https://steam-content-videos.s3-us-west-2.amazonaws.com/steam_content_video1.mp4'$$,$$thumbnail:'https://steam-content-videos.s3-us-west-2.amazonaws.com/steam_screenshot2.png', videoUrl: 'https://steam-content-videos.s3-us-west-2.amazonaws.com/steam_content_video2.mp4'$$]
6,'Gorgeous Steel Cheese','Voluptatem cum dolorem aut itaque. Et magni omnis et doloribus. Consequatur reiciendis qui ab voluptas. Labore est voluptatum qui fuga autem est magni reprehenderit quis.',['https://steam-content-display.s3-us-west-2.amazonaws.com/steam_content50.jpg','https://steam-content-display.s3-us-west-2.amazonaws.com/steam_content51.jpg','https://steam-content-display.s3-us-west-2.amazonaws.com/steam_content52.jpg','https://steam-content-display.s3-us-west-2.amazonaws.com/steam_content53.jpg','https://steam-content-display.s3-us-west-2.amazonaws.com/steam_content54.jpg','https://steam-content-display.s3-us-west-2.amazonaws.com/steam_content55.jpg','https://steam-content-display.s3-us-west-2.amazonaws.com/steam_content56.jpg','https://steam-content-display.s3-us-west-2.amazonaws.com/steam_content57.jpg','https://steam-content-display.s3-us-west-2.amazonaws.com/steam_content58.jpg','https://steam-content-display.s3-us-west-2.amazonaws.com/steam_content59.jpg'],'Sun Dec 22 2019 05:32:25 GMT-0800 (Pacific Standard Time)','Jakubowski, Lubowitz and Kemmer','Kub and Sons',721,406,93,67,[$$thumbnail:'https://steam-content-videos.s3-us-west-2.amazonaws.com/steam_screenshot0.png', videoUrl: 'https://steam-content-videos.s3-us-west-2.amazonaws.com/steam_content_video0.mp4'$$,$$thumbnail:'https://steam-content-videos.s3-us-west-2.amazonaws.com/steam_screenshot1.png', videoUrl: 'https://steam-content-videos.s3-us-west-2.amazonaws.com/steam_content_video1.mp4'$$,$$thumbnail:'https://steam-content-videos.s3-us-west-2.amazonaws.com/steam_screenshot2.png', videoUrl: 'https://steam-content-videos.s3-us-west-2.amazonaws.com/steam_content_video2.mp4'$$]
7,'Refined Fresh Sausages','Ut qui optio magnam. Minima accusantium voluptates et eligendi totam totam molestiae aliquam amet. Ipsa itaque pariatur adipisci dolor id voluptatem laborum nihil vel.',['https://steam-content-display.s3-us-west-2.amazonaws.com/steam_content60.jpg','https://steam-content-display.s3-us-west-2.amazonaws.com/steam_content61.jpg','https://steam-content-display.s3-us-west-2.amazonaws.com/steam_content62.jpg','https://steam-content-display.s3-us-west-2.amazonaws.com/steam_content63.jpg','https://steam-content-display.s3-us-west-2.amazonaws.com/steam_content64.jpg','https://steam-content-display.s3-us-west-2.amazonaws.com/steam_content65.jpg','https://steam-content-display.s3-us-west-2.amazonaws.com/steam_content66.jpg','https://steam-content-display.s3-us-west-2.amazonaws.com/steam_content67.jpg','https://steam-content-display.s3-us-west-2.amazonaws.com/steam_content68.jpg','https://steam-content-display.s3-us-west-2.amazonaws.com/steam_content69.jpg'],'Sat Apr 27 2019 04:17:50 GMT-0700 (Pacific Daylight Time)','Heaney, Schamberger and Harvey','Leuschke Group',838,572,58,83,[$$thumbnail:'https://steam-content-videos.s3-us-west-2.amazonaws.com/steam_screenshot0.png', videoUrl: 'https://steam-content-videos.s3-us-west-2.amazonaws.com/steam_content_video0.mp4'$$,$$thumbnail:'https://steam-content-videos.s3-us-west-2.amazonaws.com/steam_screenshot1.png', videoUrl: 'https://steam-content-videos.s3-us-west-2.amazonaws.com/steam_content_video1.mp4'$$,$$thumbnail:'https://steam-content-videos.s3-us-west-2.amazonaws.com/steam_screenshot2.png', videoUrl: 'https://steam-content-videos.s3-us-west-2.amazonaws.com/steam_content_video2.mp4'$$]
8,'Incredible Granite Chips','Necessitatibus aut sed perferendis natus illo. Id eos non ab nesciunt consectetur tempora doloremque cum. In est quae. Tenetur voluptatum sit adipisci ab corrupti quaerat ad ut eos. Nemo voluptate et laborum voluptatum ad consequatur nostrum. Reiciendis quisquam nihil laborum quae.',['https://steam-content-display.s3-us-west-2.amazonaws.com/steam_content70.jpg','https://steam-content-display.s3-us-west-2.amazonaws.com/steam_content71.jpg','https://steam-content-display.s3-us-west-2.amazonaws.com/steam_content72.jpg','https://steam-content-display.s3-us-west-2.amazonaws.com/steam_content73.jpg','https://steam-content-display.s3-us-west-2.amazonaws.com/steam_content74.jpg','https://steam-content-display.s3-us-west-2.amazonaws.com/steam_content75.jpg','https://steam-content-display.s3-us-west-2.amazonaws.com/steam_content76.jpg','https://steam-content-display.s3-us-west-2.amazonaws.com/steam_content77.jpg','https://steam-content-display.s3-us-west-2.amazonaws.com/steam_content78.jpg','https://steam-content-display.s3-us-west-2.amazonaws.com/steam_content79.jpg'],'Tue Sep 17 2019 13:36:24 GMT-0700 (Pacific Daylight Time)','Stark - Powlowski','Beahan, Smitham and Turcotte',882,614,17,15,[$$thumbnail:'https://steam-content-videos.s3-us-west-2.amazonaws.com/steam_screenshot0.png', videoUrl: 'https://steam-content-videos.s3-us-west-2.amazonaws.com/steam_content_video0.mp4'$$,$$thumbnail:'https://steam-content-videos.s3-us-west-2.amazonaws.com/steam_screenshot1.png', videoUrl: 'https://steam-content-videos.s3-us-west-2.amazonaws.com/steam_content_video1.mp4'$$,$$thumbnail:'https://steam-content-videos.s3-us-west-2.amazonaws.com/steam_screenshot2.png', videoUrl: 'https://steam-content-videos.s3-us-west-2.amazonaws.com/steam_content_video2.mp4'$$]
9,'Sleek Plastic Chips','Rerum doloremque enim corporis dolorem delectus. Velit molestiae necessitatibus. Dolores quia illo aut sint quisquam. Rerum itaque nostrum et. Expedita dolore omnis sed unde officia sint eveniet.',['https://steam-content-display.s3-us-west-2.amazonaws.com/steam_content80.jpg','https://steam-content-display.s3-us-west-2.amazonaws.com/steam_content81.jpg','https://steam-content-display.s3-us-west-2.amazonaws.com/steam_content82.jpg','https://steam-content-display.s3-us-west-2.amazonaws.com/steam_content83.jpg','https://steam-content-display.s3-us-west-2.amazonaws.com/steam_content84.jpg','https://steam-content-display.s3-us-west-2.amazonaws.com/steam_content85.jpg','https://steam-content-display.s3-us-west-2.amazonaws.com/steam_content86.jpg','https://steam-content-display.s3-us-west-2.amazonaws.com/steam_content87.jpg','https://steam-content-display.s3-us-west-2.amazonaws.com/steam_content88.jpg','https://steam-content-display.s3-us-west-2.amazonaws.com/steam_content89.jpg'],'Fri Jul 26 2019 18:10:13 GMT-0700 (Pacific Daylight Time)','Pouros, Brekke and Dickens','Treutel, Mueller and Schowalter',925,734,19,56,[$$thumbnail:'https://steam-content-videos.s3-us-west-2.amazonaws.com/steam_screenshot0.png', videoUrl: 'https://steam-content-videos.s3-us-west-2.amazonaws.com/steam_content_video0.mp4'$$,$$thumbnail:'https://steam-content-videos.s3-us-west-2.amazonaws.com/steam_screenshot1.png', videoUrl: 'https://steam-content-videos.s3-us-west-2.amazonaws.com/steam_content_video1.mp4'$$,$$thumbnail:'https://steam-content-videos.s3-us-west-2.amazonaws.com/steam_screenshot2.png', videoUrl: 'https://steam-content-videos.s3-us-west-2.amazonaws.com/steam_content_video2.mp4'$$]
10,'Refined Frozen Bacon','Molestias magni aspernatur nisi dolor in culpa. Aut et repellat quis provident ab autem odit quo molestiae. Aliquam voluptates vel modi totam ipsa quia maxime enim architecto.',['https://steam-content-display.s3-us-west-2.amazonaws.com/steam_content90.jpg','https://steam-content-display.s3-us-west-2.amazonaws.com/steam_content91.jpg','https://steam-content-display.s3-us-west-2.amazonaws.com/steam_content92.jpg','https://steam-content-display.s3-us-west-2.amazonaws.com/steam_content93.jpg','https://steam-content-display.s3-us-west-2.amazonaws.com/steam_content94.jpg','https://steam-content-display.s3-us-west-2.amazonaws.com/steam_content95.jpg','https://steam-content-display.s3-us-west-2.amazonaws.com/steam_content96.jpg','https://steam-content-display.s3-us-west-2.amazonaws.com/steam_content97.jpg','https://steam-content-display.s3-us-west-2.amazonaws.com/steam_content98.jpg','https://steam-content-display.s3-us-west-2.amazonaws.com/steam_content99.jpg'],'Tue Oct 08 2019 04:59:56 GMT-0700 (Pacific Daylight Time)','Oberbrunner, Buckridge and D'Amore','Jakubowski and Sons',934,988,15,7,[$$thumbnail:'https://steam-content-videos.s3-us-west-2.amazonaws.com/steam_screenshot0.png', videoUrl: 'https://steam-content-videos.s3-us-west-2.amazonaws.com/steam_content_video0.mp4'$$,$$thumbnail:'https://steam-content-videos.s3-us-west-2.amazonaws.com/steam_screenshot1.png', videoUrl: 'https://steam-content-videos.s3-us-west-2.amazonaws.com/steam_content_video1.mp4'$$,$$thumbnail:'https://steam-content-videos.s3-us-west-2.amazonaws.com/steam_screenshot2.png', videoUrl: 'https://steam-content-videos.s3-us-west-2.amazonaws.com/steam_content_video2.mp4'$$]
